{
  "name": "Financial News Recap Workflow",
  "nodes": [
    {
      "parameters": {
        "operation": "extractHtmlContent",
        "extractionValues": {
          "values": [
            {
              "key": "Headline #1",
              "cssSelector": "#site-content > div:nth-child(1) > section > div > div > div.layout-desktop__grid.layout-desktop__grid--span4.layout-desktop__grid--column-start-1.layout-desktop__grid--row-start-1.layout-desktop__grid--with-border.layout--default > div > div > div > div.story-group-stacked__primary-story > div > div > div > div > div.primary-story__teaser"
            },
            {
              "key": "Headline #2",
              "cssSelector": "#site-content > div:nth-child(1) > section > div > div > div.layout-desktop__grid.layout-desktop__grid--span6.layout-desktop__grid--column-start-5.layout-desktop__grid--row-start-1.layout-desktop__grid--with-border.layout--default > div > div > div > div > div > div.story-group__article.story-group__article--featured > div > div.featured-story-content > div.headline.js-teaser-headline.headline--scale-5.headline--color-black > a > span"
            },
            {
              "key": "Editor's Picks",
              "cssSelector": "#site-content > div:nth-child(1) > section > div > div > div.layout-desktop__grid.layout-desktop__grid--span2.layout-desktop__grid--column-start-11.layout-desktop__grid--row-start-1.layout--default > div"
            },
            {
              "key": "Top Stories",
              "cssSelector": "#site-content > div:nth-child(3) > section > div",
              "skipSelectors": "h2"
            },
            {
              "key": "Spotlight",
              "cssSelector": "#site-content > div:nth-child(6) > section",
              "skipSelectors": "h2"
            },
            {
              "key": "Various News",
              "cssSelector": "#site-content > div:nth-child(8) > section",
              "skipSelectors": "h2"
            },
            {
              "key": "Europe News",
              "cssSelector": "#site-content > div:nth-child(13) > section",
              "skipSelectors": "h2"
            }
          ]
        },
        "options": {
          "cleanUpText": true
        }
      },
      "id": "4ccfbf80-7bf2-43d6-baa5-296aab7832da",
      "name": "Extract specific content",
      "type": "n8n-nodes-base.html",
      "position": [
        680,
        160
      ],
      "notesInFlow": true,
      "typeVersion": 1.2,
      "notes": "Extract selected headlines, editor's picks, spotlight etc."
    },
    {
      "parameters": {
        "url": "https://www.ft.com/",
        "options": {}
      },
      "id": "d1a87fc2-c155-4e04-a10b-72f18214c94f",
      "name": "Get financial news online",
      "type": "n8n-nodes-base.httpRequest",
      "position": [
        460,
        160
      ],
      "notesInFlow": true,
      "typeVersion": 4.2,
      "notes": "Url : https://www.ft.com/"
    },
    {
      "parameters": {
        "rule": {
          "interval": [
            {
              "triggerAtHour": 7
            }
          ]
        }
      },
      "id": "9edb0359-b994-4d26-9c1b-6354657af3e6",
      "name": "Schedule Trigger",
      "type": "n8n-nodes-base.scheduleTrigger",
      "position": [
        240,
        160
      ],
      "typeVersion": 1.2
    },
    {
      "parameters": {
        "options": {}
      },
      "id": "4897074e-4152-44cc-8ca3-a601fdeadc64",
      "name": "Google Gemini Chat Model",
      "type": "@n8n/n8n-nodes-langchain.lmChatGoogleGemini",
      "position": [
        1080,
        340
      ],
      "typeVersion": 1
    },
    {
      "parameters": {
        "assignments": {
          "assignments": [
            {
              "id": "5412a5ee-dbbe-4fcc-98a5-6fafc37b94d1",
              "name": "News together",
              "type": "string",
              "value": "=Yahoo news :\n\n{{ $json['Headline '] }};\n\n{{ $('HTML').item.json['News #1'] }};\n\n{{ $('HTML').item.json['News #2'] }};\n\nFinancial times news :\n\n{{ $('Extract specific content').item.json['Headline #1'] }};\n\n{{ $('Extract specific content').item.json['Headline #2'] }};\n\n{{ $('Extract specific content').item.json['Editor\\'s Picks'] }};\n\n{{ $('Extract specific content').item.json['Top Stories'] }};\n\n{{ $('Extract specific content').item.json.Spotlight }};\n\n{{ $('Extract specific content').item.json['Various News'] }};\n\n{{ $('Extract specific content').item.json['Europe News'] }};\n\n"
            }
          ]
        },
        "options": {}
      },
      "id": "413a5ab8-e6ce-417b-a67d-cb59758eadea",
      "name": "Gather the elements",
      "type": "n8n-nodes-base.set",
      "position": [
        900,
        160
      ],
      "typeVersion": 3.4
    },
    {
      "parameters": {
        "promptType": "define",
        "text": "=Here are the news to summarise :\n\n{{ $json['News together'] }}",
        "options": {
          "systemMessage": "You role is to summarise the financial news from today. The summary will help an investor to have a clear view of the market, and to make better choice. \n\nYou will write the body of an e-mail using a well structured html format"
        }
      },
      "id": "f7655ad1-e60c-4faa-b579-ed76c459298c",
      "name": "AI Agent",
      "type": "@n8n/n8n-nodes-langchain.agent",
      "position": [
        1080,
        160
      ],
      "typeVersion": 1.6
    },
    {
      "parameters": {
        "content": "# Financial News Recap Workflow\n\nThis workflow automates the daily email delivery of curated financial news to a designated recipient at 7:00 AM. It extracts relevant financial news articles, structures the content, and sends it in a concise summary format via Microsoft Outlook.\n\n### Workflow Steps\n1. **Schedule Trigger** \n Sets the workflow to activate daily at 7:00 AM.\n2. **Fetch Financial News** \n Retrieves financial news content from [ft.com](https://www.ft.com/) using an HTTP Request node.\n3. **Extract News Headlines and Sections** \n Using CSS selectors, this node parses specific sections of the HTML page to gather key headlines and sections:\n - Headline #1, Headline #2\n - Editor's Picks\n - etc.\n4. **Aggregate News Content** \n Combines all extracted news sections into a single data set, organizing content under relevant categories.\n5. **AI Agent for Summarization** \n A Google Gemini Chat Model generates a structured summary in HTML format, optimized to provide investors with a clear market overview.\n6. **Email Dispatch** \n Sends the summarized content via Microsoft Outlook with a subject \"Financial news from today,\" formatted in HTML for clarity and readability.\n",
        "height": 581.4193548387093,
        "width": 683.6774193548385
      },
      "id": "8c785d66-252f-4605-b297-2d7e6f3ff8e4",
      "name": "Sticky Note",
      "type": "n8n-nodes-base.stickyNote",
      "position": [
        -320,
        20
      ],
      "typeVersion": 1
    },
    {
      "parameters": {
        "subject": "Financial news from today",
        "bodyContent": "=News of the day : \n\n{{ $json.output }}",
        "additionalFields": {
          "bodyContentType": "html"
        }
      },
      "id": "1deba8d9-ecc3-4ea9-9c57-7a705a313977",
      "name": "Send the summary by e-mail",
      "type": "n8n-nodes-base.microsoftOutlook",
      "position": [
        1420,
        160
      ],
      "typeVersion": 2,
      "webhookId": "74404470-9700-4001-891a-1bd7576ccd1f"
    }
  ],
  "pinData": {},
  "connections": {
    "AI Agent": {
      "main": [
        [
          {
            "node": "Send the summary by e-mail",
            "type": "main",
            "index": 0
          }
        ]
      ]
    },
    "Schedule Trigger": {
      "main": [
        [
          {
            "node": "Get financial news online",
            "type": "main",
            "index": 0
          }
        ]
      ]
    },
    "Gather the elements": {
      "main": [
        [
          {
            "node": "AI Agent",
            "type": "main",
            "index": 0
          }
        ]
      ]
    },
    "Extract specific content": {
      "main": [
        [
          {
            "node": "Gather the elements",
            "type": "main",
            "index": 0
          }
        ]
      ]
    },
    "Google Gemini Chat Model": {
      "ai_languageModel": [
        [
          {
            "node": "AI Agent",
            "type": "ai_languageModel",
            "index": 0
          }
        ]
      ]
    },
    "Get financial news online": {
      "main": [
        [
          {
            "node": "Extract specific content",
            "type": "main",
            "index": 0
          }
        ]
      ]
    }
  },
  "active": false,
  "settings": {
    "executionOrder": "v1"
  },
  "versionId": "9e4b884a-c572-44c5-abeb-941d0e4c45d4",
  "meta": {
    "instanceId": "5909f619521f7fe7348c10750d8010c6a821bbcfe21868c3387d252b34e43e83"
  },
  "id": "UQm3g1wQokplTo6E",
  "tags": []
}