{
  "name": "My workflow 7",
  "nodes": [
    {
      "parameters": {
        "method": "POST",
        "url": "https://api.upload-post.com/api/upload",
        "sendHeaders": true,
        "headerParameters": {
          "parameters": [
            {
              "name": "Authorization",
              "value": "Apikey eyJhbGciOiJIUzI1NiIsInR5cCI6IkpXVCJ9.eyJlbWFpbCI6ImF1dG9tYXRpb25wcm9vZmZpY2lhbEBnbWFpbC5jb20iLCJleHAiOjQ5MDM4MzM0OTksImp0aSI6IjdjNjdiZWVjLTViNGQtNGY1My05ODg3LTRiMTk0MTVkZWI5ZiJ9.Tbbuu90J2f-O7SmJqKGCiToWNAqfMuFLcd_knv62i7w"
            }
          ]
        },
        "sendBody": true,
        "contentType": "multipart-form-data",
        "bodyParameters": {
          "parameters": [
            {
              "parameterType": "formBinaryData",
              "name": "video",
              "inputDataFieldName": "data"
            },
            {
              "name": "title",
              "value": "AI is the future! #ai #aiautomation"
            },
            {
              "name": "user",
              "value": "automationproofficial"
            },
            {
              "name": "platform[]",
              "value": "tiktok"
            }
          ]
        },
        "options": {}
      },
      "name": "Upload to TikTok1",
      "type": "n8n-nodes-base.httpRequest",
      "typeVersion": 4.2,
      "position": [
        1820,
        -680
      ],
      "id": "bc026edc-1637-4b7d-9ceb-e16e48ca2237"
    },
    {
      "parameters": {
        "operation": "download",
        "fileId": {
          "__rl": true,
          "value": "1GaN1ZsWEcFr5LKrNE04fEIe0wLJuRyXq",
          "mode": "list",
          "cachedResultName": "Video 001.mp4",
          "cachedResultUrl": "https://drive.google.com/file/d/1GaN1ZsWEcFr5LKrNE04fEIe0wLJuRyXq/view?usp=drivesdk"
        },
        "options": {}
      },
      "name": "Download Video",
      "type": "n8n-nodes-base.googleDrive",
      "typeVersion": 3,
      "position": [
        1600,
        -680
      ],
      "id": "9cf68745-6ec4-49c7-a15d-6b9444c8f0a6",
      "credentials": {
        "googleDriveOAuth2Api": {
          "id": "z0cJ2ooNEzHCsCdS",
          "name": "Google Drive account 8"
        }
      }
    },
    {
      "parameters": {
        "triggerTimes": {
          "item": [
            {
              "mode": "everyHour",
              "minute": 1
            }
          ]
        }
      },
      "name": "Trigger Every Minute",
      "type": "n8n-nodes-base.cron",
      "typeVersion": 1,
      "position": [
        1360,
        -680
      ],
      "id": "225eb3fd-d719-4051-868f-c83a2a3e2514"
    }
  ],
  "pinData": {},
  "connections": {
    "Download Video": {
      "main": [
        [
          {
            "node": "Upload to TikTok1",
            "type": "main",
            "index": 0
          }
        ]
      ]
    },
    "Trigger Every Minute": {
      "main": [
        [
          {
            "node": "Download Video",
            "type": "main",
            "index": 0
          }
        ]
      ]
    }
  },
  "active": false,
  "settings": {
    "executionOrder": "v1"
  },
  "versionId": "2254d67d-cec5-4aa1-b807-789c401c7fb6",
  "meta": {
    "instanceId": "170c2b4a444ee56a17ae2d71963a292e1d55ad5af080521745d74713f228275e"
  },
  "id": "OJ1PLzOOC2hHZoOW",
  "tags": []
}